mean.X1,mean.X2,mean.X3,sd.X1,sd.X2,sd.X3,hat.Delta,var.hat.Delta
0.585346428,0.641074231,0.607481885,0.402111085,0.39506523,0.387457996,0.1397019,0.072137403
