"","mean.X1","mean.X2","mean.X3","sd.X1","sd.X2","sd.X3","hat.Delta","var.hat.Delta"
"1",0.58534642770253,0.641074231200934,0.607481885137666,0.402111085344663,0.395065229554919,0.38745799574011,0.13970189972292,0.0721374028118349
